{
 "baseUrl":"support/slwebview_files",
 "homeHid":2,
 "initialElement":"",
 "sections":[
  {
   "hid":1,
   "sid":"Simulacion_5_1_2_D",
   "name":"Simulacion_5_1_2_D",
   "fullname":"Simulacion_5_1_2_D",
   "label":"Simulacion_5_1_2_D*",
   "parent":0,
   "descendants":[
    2
   ],
   "hierarchyUrl":"support/slwebview_files/Simulacion_5_1_2_D_h_1.json",
   "backingUrl":"support/slwebview_files/Simulacion_5_1_2_D_m.json"
  }
 ],
 "optViews":[
 ],
 "display":{
  "informer":false
 },
 "iconsUrl":"support/slwebview_files/Simulacion_5_1_2_D_146_icons.css"
}