[
 {
  "hid":1,
  "sid":"Simulacion_5_1_2_D",
  "esid":"",
  "parent":0,
  "children":[
   2
  ],
  "name":"Simulacion_5_1_2_D",
  "fullname":"Simulacion_5_1_2_D",
  "label":"Simulacion_5_1_2_D",
  "icon":"Simulacion_5_1_2_D_1460",
  "sameAsElement":false
 },
 {
  "hid":2,
  "sid":"Simulacion_5_1_2_D:146",
  "esid":"Simulacion_5_1_2_D:146",
  "parent":1,
  "children":[
  ],
  "name":"Subsystem",
  "fullname":"Simulacion_5_1_2_D/Subsystem",
  "label":"Subsystem",
  "icon":"Simulacion_5_1_2_D_1461",
  "svg":"support/slwebview_files/Simulacion_5_1_2_D_146_d.svg",
  "thumbnail":"support/slwebview_files/Simulacion_5_1_2_D_146_d.png",
  "backingUrl":"support/slwebview_files/Simulacion_5_1_2_D_146_d.json",
  "elements":[
   ":76",
   ":78",
   ":79",
   ":80",
   ":81",
   ":82",
   ":87",
   ":88",
   ":83",
   ":85",
   ":106",
   ":107",
   ":104",
   ":105",
   ":111",
   ":112",
   ":109",
   ":116",
   ":117",
   ":115",
   ":114",
   ":120",
   ":121",
   ":122",
   ":124",
   ":125",
   ":126",
   ":127",
   ":128",
   ":129",
   ":133",
   ":134",
   ":136",
   ":137",
   ":138",
   ":140",
   ":147",
   ":148",
   ":149",
   ":150",
   ":151",
   ":152",
   ":153",
   ":154",
   ":155",
   ":156",
   ":157",
   ":76#out:1",
   ":78#out:1",
   ":79#out:1",
   ":80#out:1",
   ":83#out:1",
   ":87#out:1",
   ":88#out:1",
   ":106#out:1",
   ":107#out:1",
   ":104#out:1",
   ":111#out:1",
   ":112#out:1",
   ":109#out:1",
   ":117#out:1",
   ":116#out:1",
   ":115#out:1",
   ":82#out:1",
   ":81#out:1",
   ":120#out:1",
   ":121#out:1",
   ":122#out:1",
   ":125#out:1",
   ":126#out:1",
   ":127#out:1",
   ":129#out:1",
   ":85#out:1",
   ":124#out:1",
   ":105#out:1",
   ":128#out:1",
   ":134#out:1",
   ":137#out:1",
   ":133#out:1",
   ":138#out:1",
   ":114#out:1",
   ":136#out:1",
   ":140#out:1",
   ":147#out:1",
   ":148#out:1",
   ":149#out:1",
   ":150#out:1",
   ":151#out:1"
  ],
  "sameAsElement":true
 }
]